id,name,price,size,availablity
None,"Back on Track® Canine Fleece Rug,Supreme",£52.00,None,Available
None,Back on Track® Canine Multi-Season Rug,£66.00,None,Available
None,"Back on Track® Canine Rain Coat, No Filling",£56.00,None,Available
7717153,"Back on Track® Canine All-Round Coat, Bark",50.00,,Available
7717153,"Back on Track® Canine All-Round Coat, Bark",50.00,25cm,Available
7717153,"Back on Track® Canine All-Round Coat, Bark",50.00,30cm,Available
7717153,"Back on Track® Canine All-Round Coat, Bark",50.00,35cm,Available
7717153,"Back on Track® Canine All-Round Coat, Bark",55.00,40cm,Available
7717153,"Back on Track® Canine All-Round Coat, Bark",55.00,45cm,Available
7717153,"Back on Track® Canine All-Round Coat, Bark",55.00,50cm,Available
7717153,"Back on Track® Canine All-Round Coat, Bark",63.00,55cm,Available
7717153,"Back on Track® Canine All-Round Coat, Bark",63.00,60cm,Available
7717153,"Back on Track® Canine All-Round Coat, Bark",63.00,65cm,Available
7717153,"Back on Track® Canine All-Round Coat, Bark",73.00,70cm,Available
7717153,"Back on Track® Canine All-Round Coat, Bark",73.00,75cm,Available
7717153,"Back on Track® Canine All-Round Coat, Bark",73.00,80cm,Available
7717153,"Back on Track® Canine All-Round Coat, Bark",75.00,85cm,Available
7717153,"Back on Track® Canine All-Round Coat, Bark",75.00,90cm,Available
7717179,"Back on Track® Canine All-Round Coat, Nella",50.00,,Available
7717179,"Back on Track® Canine All-Round Coat, Nella",50.00,25cm,Available
7717179,"Back on Track® Canine All-Round Coat, Nella",50.00,30cm,Available
7717179,"Back on Track® Canine All-Round Coat, Nella",50.00,35cm,Available
7717179,"Back on Track® Canine All-Round Coat, Nella",55.00,40cm,Available
7717179,"Back on Track® Canine All-Round Coat, Nella",55.00,45cm,Available
7717179,"Back on Track® Canine All-Round Coat, Nella",55.00,50cm,Available
7717179,"Back on Track® Canine All-Round Coat, Nella",63.00,55cm,Available
7717179,"Back on Track® Canine All-Round Coat, Nella",63.00,60cm,Available
7717179,"Back on Track® Canine All-Round Coat, Nella",55.00,65cm,Available
7717179,"Back on Track® Canine All-Round Coat, Nella",73.00,70cm,Available
7717179,"Back on Track® Canine All-Round Coat, Nella",73.00,75cm,Available
7717179,"Back on Track® Canine All-Round Coat, Nella",73.00,80cm,Available
7717179,"Back on Track® Canine All-Round Coat, Nella",75.00,85cm,Available
7717179,"Back on Track® Canine All-Round Coat, Nella",75.00,90cm,Available
5774441,"Back on Track® Canine All-weather Jumper, Cassie",38.00,,Available
5774441,"Back on Track® Canine All-weather Jumper, Cassie",38.00,25cm,Available
5774441,"Back on Track® Canine All-weather Jumper, Cassie",38.00,30cm,Available
5774441,"Back on Track® Canine All-weather Jumper, Cassie",42.00,35cm,Available
5774441,"Back on Track® Canine All-weather Jumper, Cassie",42.00,40cm,Available
5774441,"Back on Track® Canine All-weather Jumper, Cassie",46.00,45cm,Available
5774441,"Back on Track® Canine All-weather Jumper, Cassie",46.00,50cm,Available
5774441,"Back on Track® Canine All-weather Jumper, Cassie",50.00,55cm,Available
5774441,"Back on Track® Canine All-weather Jumper, Cassie",50.00,60cm,Available
5774441,"Back on Track® Canine All-weather Jumper, Cassie",55.00,65cm,Available
5774441,"Back on Track® Canine All-weather Jumper, Cassie",55.00,70cm,Available
5774441,"Back on Track® Canine All-weather Jumper, Cassie",59.00,75cm,Available
5774441,"Back on Track® Canine All-weather Jumper, Cassie",59.00,80cm,Available
5774441,"Back on Track® Canine All-weather Jumper, Cassie",59.00,85cm,Available
5774441,"Back on Track® Canine All-weather Jumper, Cassie",59.00,90cm,Available
7753546,"Back on Track® Canine Bandana, Draco",15.00,,Available
7753546,"Back on Track® Canine Bandana, Draco",15.00,Small,Available
7753546,"Back on Track® Canine Bandana, Draco",15.00,Medium,Available
7753546,"Back on Track® Canine Bandana, Draco",15.00,Large,Available
7753546,"Back on Track® Canine Bandana, Draco",15.00,X Large,Available
None,"Back on Track® Canine Coat, Standard",£54.00,None,Available
6491984,"Back on Track® Canine Collar, Molly",10.00,,Available
6491984,"Back on Track® Canine Collar, Molly",10.00,20cm,Available
6491984,"Back on Track® Canine Collar, Molly",10.00,25cm,Out Of Stock!
6491984,"Back on Track® Canine Collar, Molly",10.00,30cm,Available
6491984,"Back on Track® Canine Collar, Molly",10.00,35cm,Out Of Stock!
6491984,"Back on Track® Canine Collar, Molly",12.00,40cm,Out Of Stock!
6491984,"Back on Track® Canine Collar, Molly",12.00,45cm,Out Of Stock!
6491984,"Back on Track® Canine Collar, Molly",12.00,50cm,Available
6491984,"Back on Track® Canine Collar, Molly",14.00,55cm,Available
6491984,"Back on Track® Canine Collar, Molly",14.00,60cm,Available
6491984,"Back on Track® Canine Collar, Molly",14.00,65cm,Available
5310305,Back on Track® Canine Greyhound Rug,69.00,,Available
5310305,Back on Track® Canine Greyhound Rug,69.00,Small,Out Of Stock!
5310305,Back on Track® Canine Greyhound Rug,69.00,Medium,Available
7717223,"Back on Track® Canine High Visibility Jumper, Eddie",33.00,,Available
7717223,"Back on Track® Canine High Visibility Jumper, Eddie",33.00,30cm,Available
7717223,"Back on Track® Canine High Visibility Jumper, Eddie",33.00,35cm,Available
7717223,"Back on Track® Canine High Visibility Jumper, Eddie",38.00,40cm,Available
7717223,"Back on Track® Canine High Visibility Jumper, Eddie",38.00,45cm,Available
7717223,"Back on Track® Canine High Visibility Jumper, Eddie",42.00,50cm,Available
7717223,"Back on Track® Canine High Visibility Jumper, Eddie",42.00,55cm,Available
7717223,"Back on Track® Canine High Visibility Jumper, Eddie",46.00,60cm,Available
7717223,"Back on Track® Canine High Visibility Jumper, Eddie",46.00,65cm,Available
7717223,"Back on Track® Canine High Visibility Jumper, Eddie",46.00,70cm,Available
None,Back on Track® Canine Hock/Ankle Wraps,£25.00,None,Available
6533902,"Back on Track® Canine Loop, Bob",28.00,,Available
6533902,"Back on Track® Canine Loop, Bob",28.00,35cm,Out Of Stock!
6533902,"Back on Track® Canine Loop, Bob",28.00,40cm,Out Of Stock!
6533902,"Back on Track® Canine Loop, Bob",28.00,45cm,Out Of Stock!
6533902,"Back on Track® Canine Loop, Bob",28.00,50cm,Available
6533902,"Back on Track® Canine Loop, Bob",28.00,55cm,Out Of Stock!
None,"Back on Track® Canine Mattress, Allround",£43.00,None,Available
None,"Back on Track® Canine Mattress, Cage Fit",£36.00,None,Available
None,"Back on Track® Canine Mattress, Standard",£66.00,None,Available
None,"Back on Track® Canine Mesh Sheet, Classic",£53.00,None,Available
None,"Back on Track® Canine Rug, Hugo",£47.00,None,Available
None,Back on Track® Canine Shin/Leg (Carpal) Wraps,£22.00,None,Available
None,Back on Track® Canine Travel Mattress,£55.00,None,Available
None,Back on Track® Canine Whippet Rug,£63.00,None,Available
7327467,Back on Track® Canine ‘Haze Collection’ Coat,39.00,,Available
7327467,Back on Track® Canine ‘Haze Collection’ Coat,39.00,25cm,Available
7327467,Back on Track® Canine ‘Haze Collection’ Coat,39.00,30cm,Available
7327467,Back on Track® Canine ‘Haze Collection’ Coat,43.00,35cm,Available
7327467,Back on Track® Canine ‘Haze Collection’ Coat,43.00,42cm,Available
7327467,Back on Track® Canine ‘Haze Collection’ Coat,44.00,50cm,Available
7327467,Back on Track® Canine ‘Haze Collection’ Coat,47.00,58cm,Available
7327467,Back on Track® Canine ‘Haze Collection’ Coat,53.00,66cm,Available
7327467,Back on Track® Canine ‘Haze Collection’ Coat,56.00,74cm,Available
6591346,Back on Track® Canine ‘Nights Collection’ Coat,37.35,,Available
6591346,Back on Track® Canine ‘Nights Collection’ Coat,37.35,20cm,Available
6591346,Back on Track® Canine ‘Nights Collection’ Coat,37.35,30cm,Available
6591346,Back on Track® Canine ‘Nights Collection’ Coat,37.35,40cm,Available
6591346,Back on Track® Canine ‘Nights Collection’ Coat,37.35,50cm,Available
6591346,Back on Track® Canine ‘Nights Collection’ Coat,37.35,60cm,Available
6591346,Back on Track® Canine ‘Nights Collection’ Coat,37.35,70cm,Available
6946491,"Back on Track® Dachshund Coat, Standard",63.00,,Available
6946491,"Back on Track® Dachshund Coat, Standard",63.00,Small,Available
6946491,"Back on Track® Dachshund Coat, Standard",63.00,Medium,Available
6946491,"Back on Track® Dachshund Coat, Standard",63.00,Large,Available
6946500,Back on Track® Dachshund Mesh Sheet,63.00,,Available
6946500,Back on Track® Dachshund Mesh Sheet,63.00,Small,Available
6946500,Back on Track® Dachshund Mesh Sheet,63.00,Medium,Available
6946500,Back on Track® Dachshund Mesh Sheet,63.00,Large,Available
None,Back on Track® Dog Back Brace,£35.00,None,Available
None,Back on Track® Dog/Pet Blanket,£36.00,None,Available
6835615,Cool on Track® Canine Cooling Coat,24.00,,Available
6835615,Cool on Track® Canine Cooling Coat,24.00,30cm,Available
6835615,Cool on Track® Canine Cooling Coat,30.00,40cm,Available
6835615,Cool on Track® Canine Cooling Coat,37.00,50cm,Available
6835615,Cool on Track® Canine Cooling Coat,44.00,60cm,Available
6835615,Cool on Track® Canine Cooling Coat,46.00,70cm,Available
None,Cool on Track® Cooling Mat,£38.00,None,Available
7547200,"Back on Track® Equine Harness Pad, Galena.",38.00,,Available
7547200,"Back on Track® Equine Harness Pad, Galena.",38.00,16cm x 60cm,Available
7547200,"Back on Track® Equine Harness Pad, Galena.",44.00,18cm x 80cm,Available
7547200,"Back on Track® Equine Harness Pad, Galena.",54.00,20cm x 100cm,Available
7547200,"Back on Track® Equine Harness Pad, Galena.",65.00,20cm x 120cm,Available
7327586,Back on Track® Equine ‘Haze Collection’ Halter,36.00,,Available
7327586,Back on Track® Equine ‘Haze Collection’ Halter,36.00,Pony,Available
7327586,Back on Track® Equine ‘Haze Collection’ Halter,36.00,Cob,Available
7327586,Back on Track® Equine ‘Haze Collection’ Halter,36.00,Full,Available
7525136,Back on Track® Equine Airflow Light 3D Mesh Fetlock Boots,57.00,,Available
7525136,Back on Track® Equine Airflow Light 3D Mesh Fetlock Boots,57.00,Pony,Available
7525136,Back on Track® Equine Airflow Light 3D Mesh Fetlock Boots,57.00,Cob,Available
7525136,Back on Track® Equine Airflow Light 3D Mesh Fetlock Boots,57.00,Full,Available
7525173,"Back on Track® Equine Airflow Light 3D Mesh Fetlock Boots, With Fur",81.00,,Available
7525173,"Back on Track® Equine Airflow Light 3D Mesh Fetlock Boots, With Fur",81.00,Pony,Available
7525173,"Back on Track® Equine Airflow Light 3D Mesh Fetlock Boots, With Fur",81.00,Cob,Available
7525173,"Back on Track® Equine Airflow Light 3D Mesh Fetlock Boots, With Fur",81.00,Full,Available
5343862,"Back on Track® Equine Bell Boots, Classic",38.00,,Available
5343862,"Back on Track® Equine Bell Boots, Classic",38.00,Small,Available
5343862,"Back on Track® Equine Bell Boots, Classic",38.00,Medium,Available
5343862,"Back on Track® Equine Bell Boots, Classic",38.00,Large,Available
7525685,"Back on Track® Equine Bell Boots, Performance",45.05,,Available
7525685,"Back on Track® Equine Bell Boots, Performance",45.05,Small,Available
7525685,"Back on Track® Equine Bell Boots, Performance",45.05,Medium,Available
7525685,"Back on Track® Equine Bell Boots, Performance",45.05,Large,Available
5352142,"Back on Track® Equine Bell Boots, Performance",53.00,,Available
5352142,"Back on Track® Equine Bell Boots, Performance",53.00,Small,Available
5352142,"Back on Track® Equine Bell Boots, Performance",53.00,Medium,Available
5352142,"Back on Track® Equine Bell Boots, Performance",53.00,Large,Available
5352142,"Back on Track® Equine Bell Boots, Performance",53.00,X Large,Available
None,"Back on Track® Equine Bell Boots, Protection, Brown",£40.80,None,Available
None,"Back on Track® Equine Bonnet, TAYE",£46.00,None,Available
None,Back on Track® Equine Brushing Boots,£53.00,None,Available
None,Back on Track® Equine Combi Bandages,£63.00,None,Available
7107536,"Back on Track® Equine Cooler, Sienna",131.00,,Available
7107536,"Back on Track® Equine Cooler, Sienna",131.00,125cm,Available
7107536,"Back on Track® Equine Cooler, Sienna",131.00,135cm,Out Of Stock!
7107536,"Back on Track® Equine Cooler, Sienna",131.00,145cm,Out Of Stock!
7107536,"Back on Track® Equine Cooler, Sienna",131.00,155cm,Available
7107536,"Back on Track® Equine Cooler, Sienna",131.00,165cm,Out Of Stock!
None,Back on Track® Equine Exercise Boots,£72.00,None,Available
7430044,"Back on Track® Equine Exercise Boots, Opal, Frontleg",69.00,,Available
7430044,"Back on Track® Equine Exercise Boots, Opal, Frontleg",69.00,XX Small,Available
7430044,"Back on Track® Equine Exercise Boots, Opal, Frontleg",69.00,X Small,Available
7430044,"Back on Track® Equine Exercise Boots, Opal, Frontleg",71.00,Small,Available
7430044,"Back on Track® Equine Exercise Boots, Opal, Frontleg",71.00,Medium,Available
7430044,"Back on Track® Equine Exercise Boots, Opal, Frontleg",71.00,Large,Available
7430044,"Back on Track® Equine Exercise Boots, Opal, Frontleg",71.00,X Large,Available
6966989,"Back on Track® Equine Exercise Boots, Opal, Hindleg",77.00,,Available
6966989,"Back on Track® Equine Exercise Boots, Opal, Hindleg",77.00,XX Small,Available
6966989,"Back on Track® Equine Exercise Boots, Opal, Hindleg",77.00,X Small,Available
6966989,"Back on Track® Equine Exercise Boots, Opal, Hindleg",77.00,Small,Available
6966989,"Back on Track® Equine Exercise Boots, Opal, Hindleg",77.00,Medium,Available
6966989,"Back on Track® Equine Exercise Boots, Opal, Hindleg",77.00,Large,Available
6966989,"Back on Track® Equine Exercise Boots, Opal, Hindleg",77.00,X Large,Available
5359649,"Back On Track® Equine Exercise Boots, Supreme",86.00,,Available
5359649,"Back On Track® Equine Exercise Boots, Supreme",86.00,Small,Available
5359649,"Back On Track® Equine Exercise Boots, Supreme",86.00,Medium,Out Of Stock!
5359649,"Back On Track® Equine Exercise Boots, Supreme",86.00,Large,Out Of Stock!
5359649,"Back On Track® Equine Exercise Boots, Supreme",86.00,X Large,Out Of Stock!
None,"Back on Track® Equine Exercise Boots, White",£57.80,None,Available
5343841,Back on Track® Equine Exercise Fleece Rug,147.00,,Available
5343841,Back on Track® Equine Exercise Fleece Rug,147.00,125cm,Available
5343841,Back on Track® Equine Exercise Fleece Rug,147.00,135cm,Available
5343841,Back on Track® Equine Exercise Fleece Rug,147.00,145cm,Out Of Stock!
5343841,Back on Track® Equine Exercise Fleece Rug,147.00,155cm,Out Of Stock!
5343841,Back on Track® Equine Exercise Fleece Rug,147.00,165cm,Out Of Stock!
7401778,Back on Track® Equine Exercise Sheet,163.00,,Available
7401778,Back on Track® Equine Exercise Sheet,163.00,125cm,Out Of Stock!
7401778,Back on Track® Equine Exercise Sheet,163.00,135cm,Available
7401778,Back on Track® Equine Exercise Sheet,163.00,145cm,Available
7401778,Back on Track® Equine Exercise Sheet,163.00,155cm,Available
7401778,Back on Track® Equine Exercise Sheet,163.00,165cm,Available
5352070,"Back on Track® Equine Fetlock Boots, Royal",40.80,,Available
5352070,"Back on Track® Equine Fetlock Boots, Royal",40.80,Cob,Available
5352070,"Back on Track® Equine Fetlock Boots, Royal",40.80,Full,Available
6125693,"Back on Track® Equine Fetlock Boots, Soft",29.00,,Available
6125693,"Back on Track® Equine Fetlock Boots, Soft",29.00,Cob,Available
6125693,"Back on Track® Equine Fetlock Boots, Soft",29.00,Full,Available
None,"Back on Track® Equine Fetlock Boots, Soft, Brown",£22.95,None,Available
None,Back on Track® Equine Fleece Bandages,£63.00,None,Available
7612984,"Back on Track® Equine Fleece Rug, Supreme (With ""D Rings"")",175.00,,Available
7612984,"Back on Track® Equine Fleece Rug, Supreme (With ""D Rings"")",175.00,125cm,Available
7612984,"Back on Track® Equine Fleece Rug, Supreme (With ""D Rings"")",175.00,135cm,Available
7612984,"Back on Track® Equine Fleece Rug, Supreme (With ""D Rings"")",175.00,145cm,Out Of Stock!
7612984,"Back on Track® Equine Fleece Rug, Supreme (With ""D Rings"")",175.00,155cm,Available
7612984,"Back on Track® Equine Fleece Rug, Supreme (With ""D Rings"")",175.00,165cm,Available
7525045,"Back on Track® Equine Fly Rug, Buzter",130.00,,Available
7525045,"Back on Track® Equine Fly Rug, Buzter",130.00,125cm,Available
7525045,"Back on Track® Equine Fly Rug, Buzter",130.00,135cm,Available
7525045,"Back on Track® Equine Fly Rug, Buzter",130.00,140cm,Available
7525045,"Back on Track® Equine Fly Rug, Buzter",130.00,145cm,Available
7525045,"Back on Track® Equine Fly Rug, Buzter",130.00,155cm,Available
7525045,"Back on Track® Equine Fly Rug, Buzter",130.00,165cm,Available
5352313,Back on Track® Equine Frost Rug,233.00,,Available
5352313,Back on Track® Equine Frost Rug,233.00,125cm,Available
5352313,Back on Track® Equine Frost Rug,233.00,135cm,Out Of Stock!
5352313,Back on Track® Equine Frost Rug,233.00,145cm,Out Of Stock!
5352313,Back on Track® Equine Frost Rug,233.00,155cm,Out Of Stock!
5352313,Back on Track® Equine Frost Rug,233.00,165cm,Out Of Stock!
None,"Back on Track® Equine Girth, Elastic",£15.00,None,Available
None,Back On Track® Equine Girths Dressage,£57.00,None,Available
7112431,"Back On Track® Equine Girths, Western",73.00,,Available
7112431,"Back On Track® Equine Girths, Western",73.00,"34""",Available
7112431,"Back On Track® Equine Girths, Western",73.00,"26""",Available
7112431,"Back On Track® Equine Girths, Western",73.00,"28""",Available
7112431,"Back On Track® Equine Girths, Western",73.00,"30""",Available
7112431,"Back On Track® Equine Girths, Western",73.00,"32""",Available
None,Back on Track® Equine Halter Cover,£22.00,None,Available
5348941,Back on Track® Equine Head Cover,31.00,,Available
5348941,Back on Track® Equine Head Cover,31.00,Small,Available
5348941,Back on Track® Equine Head Cover,31.00,Medium/Large,Available
5359667,"Back On Track® Equine Hind Boots, Royal",42.00,,Available
5359667,"Back On Track® Equine Hind Boots, Royal",42.00,Cob,Available
5359667,"Back On Track® Equine Hind Boots, Royal",42.00,Full,Available
5758787,"Back on Track® Equine Hock Boots, Royal",97.00,,Available
5758787,"Back on Track® Equine Hock Boots, Royal",97.00,Small,Available
5758787,"Back on Track® Equine Hock Boots, Royal",97.00,Medium,Out Of Stock!
5758787,"Back on Track® Equine Hock Boots, Royal",97.00,Large,Available
5758787,"Back on Track® Equine Hock Boots, Royal",97.00,X Large,Out Of Stock!
None,"Back on Track® Equine Hock Boots, Standard",£43.00,None,Available
None,"Back on Track® Equine Hock Boots, With Hole",£43.00,None,Available
None,Back on Track® Equine Knee Boots,£40.00,None,Available
5348476,Back on Track® Equine Loin Rug/Quarter Sheet,90.00,,Available
5348476,Back on Track® Equine Loin Rug/Quarter Sheet,90.00,135cm,Available
5348476,Back on Track® Equine Loin Rug/Quarter Sheet,90.00,145cm,Available
5348476,Back on Track® Equine Loin Rug/Quarter Sheet,90.00,155cm,Available
5343805,"Back on Track® Equine Mesh Sheet, Classic",194.00,,Available
5343805,"Back on Track® Equine Mesh Sheet, Classic",194.00,115cm,Available
5343805,"Back on Track® Equine Mesh Sheet, Classic",194.00,125cm,Available
5343805,"Back on Track® Equine Mesh Sheet, Classic",194.00,135cm,Available
5343805,"Back on Track® Equine Mesh Sheet, Classic",194.00,145cm,Available
5343805,"Back on Track® Equine Mesh Sheet, Classic",194.00,155cm,Available
5343805,"Back on Track® Equine Mesh Sheet, Classic",194.00,165cm,Available
5352187,Back on Track® Equine Mia Mesh Sheet,195.00,,Available
5352187,Back on Track® Equine Mia Mesh Sheet,195.00,125cm,Out Of Stock!
5352187,Back on Track® Equine Mia Mesh Sheet,195.00,135cm,Out Of Stock!
5352187,Back on Track® Equine Mia Mesh Sheet,195.00,145cm,Available
5352187,Back on Track® Equine Mia Mesh Sheet,195.00,155cm,Out Of Stock!
5352187,Back on Track® Equine Mia Mesh Sheet,195.00,165cm,Out Of Stock!
None,Back On Track® Equine Mia RIME Rug,£207.00,None,Available
5352292,"Back on Track® Equine Neck Cover for Fleece Rug, Supreme",71.00,,Available
5352292,"Back on Track® Equine Neck Cover for Fleece Rug, Supreme",71.00,135cm,Available
5352292,"Back on Track® Equine Neck Cover for Fleece Rug, Supreme",71.00,145cm,Available
5352292,"Back on Track® Equine Neck Cover for Fleece Rug, Supreme",71.00,155cm,Out Of Stock!
5352292,"Back on Track® Equine Neck Cover for Fleece Rug, Supreme",71.00,165cm,Out Of Stock!
5343883,"Back on Track® Equine Neck Cover for Mesh Sheet, Classic",75.00,none,Available
5343883,"Back on Track® Equine Neck Cover for Mesh Sheet, Classic",75.00,165cm,Available
5343883,"Back on Track® Equine Neck Cover for Mesh Sheet, Classic",75.00,125cm,Available
5343883,"Back on Track® Equine Neck Cover for Mesh Sheet, Classic",75.00,135cm,Available
5343883,"Back on Track® Equine Neck Cover for Mesh Sheet, Classic",75.00,145cm,Available
5343883,"Back on Track® Equine Neck Cover for Mesh Sheet, Classic",75.00,155cm,Available
6111576,Back On Track® Equine Pastern Wraps,17.00,,Available
6111576,Back On Track® Equine Pastern Wraps,17.00,Small,Available
6111576,Back On Track® Equine Pastern Wraps,17.00,Medium,Available
6111576,Back On Track® Equine Pastern Wraps,17.00,Large,Available
None,Back on Track® Equine Pillow Wrap/Transport Leg Wrap,£72.00,None,Available
None,Back on Track® Equine Poll Guard,£29.00,None,Available
5348161,"Back on Track® Equine Quick Wraps, Royal",84.00,,Available
5348161,"Back on Track® Equine Quick Wraps, Royal",84.00,Medium,Available
5348161,"Back on Track® Equine Quick Wraps, Royal",84.00,Large,Available
5348161,"Back on Track® Equine Quick Wraps, Royal",84.00,X Large,Available
5348161,"Back on Track® Equine Quick Wraps, Royal",84.00,Small,Available
5348962,Back on Track® Equine Rain Rug,179.00,,Available
5348962,Back on Track® Equine Rain Rug,179.00,125cm,Available
5348962,Back on Track® Equine Rain Rug,179.00,135cm,Out Of Stock!
5348962,Back on Track® Equine Rain Rug,179.00,145cm,Out Of Stock!
5348962,Back on Track® Equine Rain Rug,179.00,155cm,Out Of Stock!
5348962,Back on Track® Equine Rain Rug,179.00,165cm,Out Of Stock!
6768749,"Back on Track® Equine Replacement Inner Pads for Quick Wraps, Royal",67.00,,Available
6768749,"Back on Track® Equine Replacement Inner Pads for Quick Wraps, Royal",67.00,Small,Available
6768749,"Back on Track® Equine Replacement Inner Pads for Quick Wraps, Royal",67.00,Medium,Available
6768749,"Back on Track® Equine Replacement Inner Pads for Quick Wraps, Royal",67.00,Large,Out Of Stock!
6768749,"Back on Track® Equine Replacement Inner Pads for Quick Wraps, Royal",67.00,X Large,Available
5348173,Back on Track® Equine Replacement Outer Shells for Quick Wraps,26.00,,Available
5348173,Back on Track® Equine Replacement Outer Shells for Quick Wraps,26.00,Small,Out Of Stock!
5348173,Back on Track® Equine Replacement Outer Shells for Quick Wraps,26.00,Medium,Out Of Stock!
5348173,Back on Track® Equine Replacement Outer Shells for Quick Wraps,26.00,Large,Out Of Stock!
5348173,Back on Track® Equine Replacement Outer Shells for Quick Wraps,26.00,X Large,Available
None,Back on Track® Equine Retaining Strap for Back Warmer,£29.00,None,Available
7079751,"Back on Track® Equine Rug Liner, Felix",119.00,,Available
7079751,"Back on Track® Equine Rug Liner, Felix",119.00,105cm,Available
7079751,"Back on Track® Equine Rug Liner, Felix",119.00,115cm,Available
7079751,"Back on Track® Equine Rug Liner, Felix",119.00,125cm,Available
7079751,"Back on Track® Equine Rug Liner, Felix",119.00,135cm,Available
7079751,"Back on Track® Equine Rug Liner, Felix",119.00,140cm,Available
7079751,"Back on Track® Equine Rug Liner, Felix",119.00,145cm,Available
7079751,"Back on Track® Equine Rug Liner, Felix",119.00,155cm,Available
7079751,"Back on Track® Equine Rug Liner, Felix",119.00,165cm,Available
5780893,Back on Track® Equine Saddle Pad (No. 1 & No. II),67.00,,Available
5780893,Back on Track® Equine Saddle Pad (No. 1 & No. II),67.00,Extra Full,Available
5780893,Back on Track® Equine Saddle Pad (No. 1 & No. II),67.00,Cob,Available
5780893,Back on Track® Equine Saddle Pad (No. 1 & No. II),67.00,Full,Available
None,Back on Track® Equine Saddle Pad Western,£75.00,None,Available
None,Back on Track® Equine Scandic PK Leg Wraps,£68.00,None,Available
5352229,Back on Track® Equine Shoulder Guards (Original and Light),65.00,,Available
5352229,Back on Track® Equine Shoulder Guards (Original and Light),65.00,125cm,Available
5352229,Back on Track® Equine Shoulder Guards (Original and Light),65.00,135cm,Available
5352229,Back on Track® Equine Shoulder Guards (Original and Light),65.00,145cm,Available
5352229,Back on Track® Equine Shoulder Guards (Original and Light),65.00,155cm,Available
5352229,Back on Track® Equine Shoulder Guards (Original and Light),65.00,165cm,Available
7079746,"Back on Track® Equine Stable Rug, Millie",183.00,,Available
7079746,"Back on Track® Equine Stable Rug, Millie",183.00,125cm,Available
7079746,"Back on Track® Equine Stable Rug, Millie",183.00,135cm,Available
7079746,"Back on Track® Equine Stable Rug, Millie",183.00,140cm,Available
7079746,"Back on Track® Equine Stable Rug, Millie",183.00,145cm,Available
7079746,"Back on Track® Equine Stable Rug, Millie",183.00,155cm,Available
7079746,"Back on Track® Equine Stable Rug, Millie",183.00,165cm,Available
7157000,"Back on Track® Equine Tendon Boots, AirFlow",105.00,,Available
7157000,"Back on Track® Equine Tendon Boots, AirFlow",105.00,Small,Available
7157000,"Back on Track® Equine Tendon Boots, AirFlow",105.00,Large,Available
7157000,"Back on Track® Equine Tendon Boots, AirFlow",105.00,Medium,Available
7709657,"Back on Track® Equine Tendon Boots, AirFlow, With Fur",124.00,,Available
7709657,"Back on Track® Equine Tendon Boots, AirFlow, With Fur",124.00,Small,Available
7709657,"Back on Track® Equine Tendon Boots, AirFlow, With Fur",124.00,Medium,Available
7709657,"Back on Track® Equine Tendon Boots, AirFlow, With Fur",124.00,Large,Available
None,"Back on Track® Equine Tendon Boots, Royal",£67.15,None,Available
6491327,Back on Track® Equine Werano Halter,26.00,,Available
6491327,Back on Track® Equine Werano Halter,26.00,Shetland,Available
6491327,Back on Track® Equine Werano Halter,26.00,Pony,Available
6491327,Back on Track® Equine Werano Halter,26.00,Cob,Available
6491327,Back on Track® Equine Werano Halter,26.00,Full,Available
None,"Back on Track® Equine Western Saddle Pads, Lancer and Maddox",£191.00,None,Available
5352109,"Back on Track® Equine Work Boots (Foreleg), Royal",96.00,,Available
5352109,"Back on Track® Equine Work Boots (Foreleg), Royal",96.00,Cob,Available
5352109,"Back on Track® Equine Work Boots (Foreleg), Royal",96.00,Full,Available
7525731,"Back on Track® Equine Work Boots (Frontleg), Royal",74.80,,Available
7525731,"Back on Track® Equine Work Boots (Frontleg), Royal",74.80,Cob,Available
7525731,"Back on Track® Equine Work Boots (Frontleg), Royal",74.80,Full,Available
7525741,"Back on Track® Equine Work Boots (Hind Leg), Royal",85.00,,Available
7525741,"Back on Track® Equine Work Boots (Hind Leg), Royal",85.00,Cob,Available
7525741,"Back on Track® Equine Work Boots (Hind Leg), Royal",85.00,Full,Available
5352334,"Back on Track® Equine Work Boots (Hind Leg), Royal",109.00,,Available
5352334,"Back on Track® Equine Work Boots (Hind Leg), Royal",109.00,Cob,Available
5352334,"Back on Track® Equine Work Boots (Hind Leg), Royal",109.00,Full,Available
7329043,Back on Track® Equine ‘Haze Collection’ Saddle Pads (Jumping and Dressage),72.00,,Available
7329043,Back on Track® Equine ‘Haze Collection’ Saddle Pads (Jumping and Dressage),72.00,Pony,Available
7329043,Back on Track® Equine ‘Haze Collection’ Saddle Pads (Jumping and Dressage),72.00,Cob,Available
7329043,Back on Track® Equine ‘Haze Collection’ Saddle Pads (Jumping and Dressage),72.00,Full,Available
7329043,Back on Track® Equine ‘Haze Collection’ Saddle Pads (Jumping and Dressage),72.00,Extra Full,Available
7327757,Back on Track® Equine ‘Haze Collection’ Bonnet,46.00,,Available
7327757,Back on Track® Equine ‘Haze Collection’ Bonnet,46.00,Pony,Available
7327757,Back on Track® Equine ‘Haze Collection’ Bonnet,46.00,Cob,Available
7327757,Back on Track® Equine ‘Haze Collection’ Bonnet,46.00,Full,Available
7328967,Back on Track® Equine ‘Haze Collection’ Rug,151.00,,Available
7328967,Back on Track® Equine ‘Haze Collection’ Rug,151.00,115cm,Available
7328967,Back on Track® Equine ‘Haze Collection’ Rug,151.00,125cm,Available
7328967,Back on Track® Equine ‘Haze Collection’ Rug,151.00,135cm,Available
7328967,Back on Track® Equine ‘Haze Collection’ Rug,151.00,140cm,Available
7328967,Back on Track® Equine ‘Haze Collection’ Rug,151.00,145cm,Available
7328967,Back on Track® Equine ‘Haze Collection’ Rug,151.00,155cm,Available
7328967,Back on Track® Equine ‘Haze Collection’ Rug,151.00,165cm,Available
6585088,Back on Track® Equine ‘Nights Collection' Bonnet,46.00,,Available
6585088,Back on Track® Equine ‘Nights Collection' Bonnet,46.00,Pony,Available
6585088,Back on Track® Equine ‘Nights Collection' Bonnet,46.00,Cob,Available
6585088,Back on Track® Equine ‘Nights Collection' Bonnet,46.00,Full,Available
None,Back on Track® Equine ‘Nights Collection' Bonnet,£31.45,None,Available
None,Back on Track® Equine ‘Nights' Collection Fleece Bandages,£42.00,None,Available
7621743,"Back on Track® Equine ‘Nights' Collection Saddle Pad, Dressage",82.00,,Available
7621743,"Back on Track® Equine ‘Nights' Collection Saddle Pad, Dressage",82.00,Pony,Available
7621743,"Back on Track® Equine ‘Nights' Collection Saddle Pad, Dressage",82.00,Cob,Available
7621743,"Back on Track® Equine ‘Nights' Collection Saddle Pad, Dressage",82.00,Full,Available
7621743,"Back on Track® Equine ‘Nights' Collection Saddle Pad, Dressage",82.00,Extra Full,Available
7621653,"Back on Track® Equine ‘Nights' Collection Saddle Pad, Jumping",63.75,,Available
7621653,"Back on Track® Equine ‘Nights' Collection Saddle Pad, Jumping",63.75,Full,Available
7621653,"Back on Track® Equine ‘Nights' Collection Saddle Pad, Jumping",63.75,Extra Full,Available
6584616,"Back on Track® Equine ‘Nights' Collection Saddle Pad, Jumping",82.00,,Available
6584616,"Back on Track® Equine ‘Nights' Collection Saddle Pad, Jumping",82.00,Pony,Available
6584616,"Back on Track® Equine ‘Nights' Collection Saddle Pad, Jumping",82.00,Cob,Available
6584616,"Back on Track® Equine ‘Nights' Collection Saddle Pad, Jumping",82.00,Full,Available
6584616,"Back on Track® Equine ‘Nights' Collection Saddle Pad, Jumping",82.00,Extra Full,Available
7107601,Back on Track® Human Posture Reminder For Riders,40.00,,Available
7107601,Back on Track® Human Posture Reminder For Riders,40.00,Small/Medium,Out Of Stock!
7107601,Back on Track® Human Posture Reminder For Riders,40.00,Medium/Large,Available
7107601,Back on Track® Human Posture Reminder For Riders,40.00,Large/X-Large,Available
6988132,"Back on Track® Replacement Inner Pads for Hock Boots, Royal.",69.99,,Available
6988132,"Back on Track® Replacement Inner Pads for Hock Boots, Royal.",69.99,Small,Available
6988132,"Back on Track® Replacement Inner Pads for Hock Boots, Royal.",69.99,Medium,Available
6988132,"Back on Track® Replacement Inner Pads for Hock Boots, Royal.",69.99,Large,Available
6988132,"Back on Track® Replacement Inner Pads for Hock Boots, Royal.",69.99,X Large,Available
None,Cool on Track® Cooling Mat,£38.00,None,Available
7079634,"NEW Back on Track® Equine Exercise Rug, Sammy",108.00,,Available
7079634,"NEW Back on Track® Equine Exercise Rug, Sammy",108.00,125cm,Available
7079634,"NEW Back on Track® Equine Exercise Rug, Sammy",108.00,135cm,Available
7079634,"NEW Back on Track® Equine Exercise Rug, Sammy",108.00,140cm,Available
7079634,"NEW Back on Track® Equine Exercise Rug, Sammy",108.00,145cm,Available
7079634,"NEW Back on Track® Equine Exercise Rug, Sammy",108.00,155cm,Available
7079634,"NEW Back on Track® Equine Exercise Rug, Sammy",108.00,165cm,Available
6485596,"Back on Track® Human P4G Boxer Shorts, Mike",33.00,,Available
6485596,"Back on Track® Human P4G Boxer Shorts, Mike",33.00,Small,Available
6485596,"Back on Track® Human P4G Boxer Shorts, Mike",33.00,Medium,Available
6485596,"Back on Track® Human P4G Boxer Shorts, Mike",33.00,Large,Available
6485596,"Back on Track® Human P4G Boxer Shorts, Mike",33.00,X Large,Available
None,Back on Track ® Human Back Brace,£54.00,None,Available
None,Back on Track ® Human Knee Braces,£31.00,None,Available
None,Back on Track ® Human Wrist Brace,£22.00,None,Available
7305082,Back on Track ® Physio Waist Support,71.00,,Available
7305082,Back on Track ® Physio Waist Support,71.00,Small,Available
7305082,Back on Track ® Physio Waist Support,72.00,Medium,Available
7305082,Back on Track ® Physio Waist Support,72.00,Large,Out Of Stock!
7305082,Back on Track ® Physio Waist Support,72.00,X Large,Available
7305082,Back on Track ® Physio Waist Support,72.00,XX Large,Available
None,Back on Track® Fleece Blanket,£56.00,None,Available
None,Back on Track® Human Ankle Brace,£32.00,None,Available
7349249,"Back on Track® Human Ankle Brace, Physio + Gel",45.00,,Available
7349249,"Back on Track® Human Ankle Brace, Physio + Gel",45.00,Small,Out Of Stock!
7349249,"Back on Track® Human Ankle Brace, Physio + Gel",45.00,Medium,Available
7349249,"Back on Track® Human Ankle Brace, Physio + Gel",45.00,Large,Available
7349249,"Back on Track® Human Ankle Brace, Physio + Gel",45.00,X Large,Available
5327240,"Back on Track® Human Boxer Shorts, Men's",30.00,,Available
5327240,"Back on Track® Human Boxer Shorts, Men's",30.00,Small,Available
5327240,"Back on Track® Human Boxer Shorts, Men's",30.00,Medium,Available
5327240,"Back on Track® Human Boxer Shorts, Men's",30.00,Large,Available
5327240,"Back on Track® Human Boxer Shorts, Men's",30.00,X Large,Available
5327240,"Back on Track® Human Boxer Shorts, Men's",30.00,XX Large,Available
5327240,"Back on Track® Human Boxer Shorts, Men's",30.00,XXX Large,Available
7428420,"Back on Track® Human Boxer Shorts, Women's",30.00,,Available
7428420,"Back on Track® Human Boxer Shorts, Women's",30.00,Small,Out Of Stock!
7428420,"Back on Track® Human Boxer Shorts, Women's",30.00,Medium,Out Of Stock!
7428420,"Back on Track® Human Boxer Shorts, Women's",30.00,Large,Available
7428420,"Back on Track® Human Boxer Shorts, Women's",30.00,X Large,Available
7428420,"Back on Track® Human Boxer Shorts, Women's",30.00,XX Large,Out Of Stock!
7428420,"Back on Track® Human Boxer Shorts, Women's",30.00,XXX Large,Available
None,Back on Track® Human Calf Brace,£31.00,None,Available
7097808,"Back on Track® Human Carpus I Wrist Support, With Splint",29.00,,Available
7097808,"Back on Track® Human Carpus I Wrist Support, With Splint",29.00,Small/Medium,Available
7097808,"Back on Track® Human Carpus I Wrist Support, With Splint",29.00,Large/X-Large,Available
None,"Back on Track® Human Carpus II Wrist Support, With Splint & Cushion",£29.00,None,Available
None,Back on Track® Human Elbow Brace,£25.00,None,Available
None,Back on Track® Human Functional Scarf,£23.00,None,Available
5327147,Back on Track® Human Gloves,30.00,,Available
5327147,Back on Track® Human Gloves,30.00,X Small,Available
5327147,Back on Track® Human Gloves,30.00,Small,Available
5327147,Back on Track® Human Gloves,30.00,Medium,Out Of Stock!
5327147,Back on Track® Human Gloves,30.00,Large,Available
5327147,Back on Track® Human Gloves,30.00,X Large,Available
None,Back On Track® Human Hats,£28.00,None,Available
None,"Back On Track® Human Headband, Felicia",£23.00,None,Available
None,"Back On Track® Human Headband, Lily",£24.00,None,Available
None,Back On Track® Human Headbands,£16.00,None,Out Of Stock!
7441856,"Back on Track® Human Long Johns, Mens",52.00,,Available
7441856,"Back on Track® Human Long Johns, Mens",52.00,Small,Out Of Stock!
7441856,"Back on Track® Human Long Johns, Mens",52.00,Medium,Available
7441856,"Back on Track® Human Long Johns, Mens",52.00,Large,Available
7441856,"Back on Track® Human Long Johns, Mens",52.00,X Large,Available
7441856,"Back on Track® Human Long Johns, Mens",52.00,XX Large,Available
7441856,"Back on Track® Human Long Johns, Mens",52.00,XXX Large,Out Of Stock!
5327252,"Back on Track® Human Long Johns, Women",52.00,,Available
5327252,"Back on Track® Human Long Johns, Women",52.00,Small,Available
5327252,"Back on Track® Human Long Johns, Women",52.00,Medium,Available
5327252,"Back on Track® Human Long Johns, Women",52.00,Large,Available
5327252,"Back on Track® Human Long Johns, Women",52.00,X Large,Available
5327252,"Back on Track® Human Long Johns, Women",52.00,XX Large,Available
5327252,"Back on Track® Human Long Johns, Women",52.00,XXX Large,Out Of Stock!
5327108,Back on Track® Human Long Sleeved T-Shirt (Unisex),48.00,,Available
5327108,Back on Track® Human Long Sleeved T-Shirt (Unisex),48.00,X Small,Available
5327108,Back on Track® Human Long Sleeved T-Shirt (Unisex),48.00,Small,Out Of Stock!
5327108,Back on Track® Human Long Sleeved T-Shirt (Unisex),48.00,Medium,Out Of Stock!
5327108,Back on Track® Human Long Sleeved T-Shirt (Unisex),48.00,Large,Out Of Stock!
5327108,Back on Track® Human Long Sleeved T-Shirt (Unisex),48.00,X Large,Out Of Stock!
5327108,Back on Track® Human Long Sleeved T-Shirt (Unisex),48.00,XX Large,Available
5327108,Back on Track® Human Long Sleeved T-Shirt (Unisex),48.00,XXX Large,Available
None,"Back on Track® Human Loop, Daisy",£37.00,None,Available
7441301,"Back on Track® Human Men's P4G Hoodie, Elliott",94.00,,Available
7441301,"Back on Track® Human Men's P4G Hoodie, Elliott",94.00,Medium,Out Of Stock!
7441301,"Back on Track® Human Men's P4G Hoodie, Elliott",94.00,Large,Available
7441301,"Back on Track® Human Men's P4G Hoodie, Elliott",94.00,X Large,Available
7305957,"Back on Track® Human Men's P4G Sweater, Liam",94.00,none,Available
7305957,"Back on Track® Human Men's P4G Sweater, Liam",94.00,Small,Available
7305957,"Back on Track® Human Men's P4G Sweater, Liam",94.00,Medium,Available
7305957,"Back on Track® Human Men's P4G Sweater, Liam",94.00,Large,Available
7305957,"Back on Track® Human Men's P4G Sweater, Liam",94.00,X Large,Available
7305957,"Back on Track® Human Men's P4G Sweater, Liam",94.00,XX Large,Available
None,Back on Track® Human Neck Braces (Polo & With Fastening),£31.00,None,Available
7305962,"Back on Track® Human P4G Hoodie, Alissa",94.00,,Available
7305962,"Back on Track® Human P4G Hoodie, Alissa",94.00,X Small,Available
7305962,"Back on Track® Human P4G Hoodie, Alissa",94.00,Small,Available
7305962,"Back on Track® Human P4G Hoodie, Alissa",94.00,Medium,Available
7305962,"Back on Track® Human P4G Hoodie, Alissa",94.00,Large,Available
7305962,"Back on Track® Human P4G Hoodie, Alissa",94.00,X Large,Available
7349384,"Back on Track® Human P4G Men’s T-Shirt, Ian",36.00,,Available
7349384,"Back on Track® Human P4G Men’s T-Shirt, Ian",36.00,Small,Out Of Stock!
7349384,"Back on Track® Human P4G Men’s T-Shirt, Ian",36.00,Medium,Available
7349384,"Back on Track® Human P4G Men’s T-Shirt, Ian",36.00,Large,Out Of Stock!
7349384,"Back on Track® Human P4G Men’s T-Shirt, Ian",36.00,X Large,Out Of Stock!
7349384,"Back on Track® Human P4G Men’s T-Shirt, Ian",36.00,XX Large,Available
7550810,"Back on Track® Human P4G T-Shirt, Olivia",58.00,,Available
7550810,"Back on Track® Human P4G T-Shirt, Olivia",58.00,X Small,Available
7550810,"Back on Track® Human P4G T-Shirt, Olivia",58.00,Small,Available
7550810,"Back on Track® Human P4G T-Shirt, Olivia",58.00,Medium,Available
7550810,"Back on Track® Human P4G T-Shirt, Olivia",58.00,Large,Out Of Stock!
7550810,"Back on Track® Human P4G T-Shirt, Olivia",58.00,X Large,Available
7305093,"Back on Track® Human P4G T-Shirt, Ophelia",37.00,,Available
7305093,"Back on Track® Human P4G T-Shirt, Ophelia",37.00,X Small,Available
7305093,"Back on Track® Human P4G T-Shirt, Ophelia",37.00,Small,Available
7305093,"Back on Track® Human P4G T-Shirt, Ophelia",37.00,Medium,Available
7305093,"Back on Track® Human P4G T-Shirt, Ophelia",37.00,Large,Available
7305093,"Back on Track® Human P4G T-Shirt, Ophelia",37.00,X Large,Available
7304981,"Back on Track® Human P4G Tights, Caia",66.00,,Available
7304981,"Back on Track® Human P4G Tights, Caia",66.00,X Small,Available
7304981,"Back on Track® Human P4G Tights, Caia",66.00,Small,Available
7304981,"Back on Track® Human P4G Tights, Caia",66.00,Medium,Available
7304981,"Back on Track® Human P4G Tights, Caia",66.00,Large,Available
7304981,"Back on Track® Human P4G Tights, Caia",66.00,X Large,Available
7304980,"Back on Track® Human P4G Tights, Cate",66.00,,Available
7304980,"Back on Track® Human P4G Tights, Cate",66.00,X Small,Available
7304980,"Back on Track® Human P4G Tights, Cate",66.00,Small,Available
7304980,"Back on Track® Human P4G Tights, Cate",66.00,Medium,Available
7304980,"Back on Track® Human P4G Tights, Cate",66.00,Large,Available
7304980,"Back on Track® Human P4G Tights, Cate",66.00,X Large,Available
7305174,"Back on Track® Human P4G Trousers, Arwen",76.00,,Available
7305174,"Back on Track® Human P4G Trousers, Arwen",76.00,X Large,Available
7305174,"Back on Track® Human P4G Trousers, Arwen",76.00,X Small,Available
7305174,"Back on Track® Human P4G Trousers, Arwen",76.00,Small,Available
7305174,"Back on Track® Human P4G Trousers, Arwen",76.00,Medium,Available
7305174,"Back on Track® Human P4G Trousers, Arwen",76.00,Large,Available
7441928,"Back on Track® Human Polo Neck Sweater, Men's",48.00,,Available
7441928,"Back on Track® Human Polo Neck Sweater, Men's",48.00,X Small,Available
7441928,"Back on Track® Human Polo Neck Sweater, Men's",48.00,Small,Available
7441928,"Back on Track® Human Polo Neck Sweater, Men's",48.00,Medium,Available
7441928,"Back on Track® Human Polo Neck Sweater, Men's",48.00,Large,Available
7441928,"Back on Track® Human Polo Neck Sweater, Men's",48.00,X Large,Out Of Stock!
7441928,"Back on Track® Human Polo Neck Sweater, Men's",48.00,XX Large,Available
5336348,"Back on Track® Human Polo Neck Sweater, Women's",52.00,,Available
5336348,"Back on Track® Human Polo Neck Sweater, Women's",52.00,X Small,Available
5336348,"Back on Track® Human Polo Neck Sweater, Women's",52.00,Small,Available
5336348,"Back on Track® Human Polo Neck Sweater, Women's",52.00,Medium,Available
5336348,"Back on Track® Human Polo Neck Sweater, Women's",52.00,Large,Available
5336348,"Back on Track® Human Polo Neck Sweater, Women's",52.00,X Large,Available
5336348,"Back on Track® Human Polo Neck Sweater, Women's",52.00,XX Large,Available
7107601,Back on Track® Human Posture Reminder For Riders,40.00,,Available
7107601,Back on Track® Human Posture Reminder For Riders,40.00,Small/Medium,Out Of Stock!
7107601,Back on Track® Human Posture Reminder For Riders,40.00,Medium/Large,Available
7107601,Back on Track® Human Posture Reminder For Riders,40.00,Large/X-Large,Available
None,"Back on Track® Human Scarf, Original",£38.00,None,Available
None,"Back on Track® Human Scarf, Toby",£41.00,None,Available
None,Back on Track® Human Shoe Insoles,£9.00,None,Available
None,Back on Track® Human Socks (4 styles),£27.00,None,Available
5327126,"Back on Track® Human T-Shirt, Classic (Unisex)",39.00,,Available
5327126,"Back on Track® Human T-Shirt, Classic (Unisex)",39.00,X Large,Available
5327126,"Back on Track® Human T-Shirt, Classic (Unisex)",39.00,XX Large,Available
5327126,"Back on Track® Human T-Shirt, Classic (Unisex)",39.00,XXX Large,Available
5327126,"Back on Track® Human T-Shirt, Classic (Unisex)",39.00,X Small,Available
5327126,"Back on Track® Human T-Shirt, Classic (Unisex)",39.00,Small,Available
5327126,"Back on Track® Human T-Shirt, Classic (Unisex)",39.00,Medium,Available
5327126,"Back on Track® Human T-Shirt, Classic (Unisex)",39.00,Large,Available
7305909,"Back on Track® Human T-Shirt, Maria",43.00,,Available
7305909,"Back on Track® Human T-Shirt, Maria",43.00,X Small,Available
7305909,"Back on Track® Human T-Shirt, Maria",43.00,Small,Available
7305909,"Back on Track® Human T-Shirt, Maria",43.00,Medium,Available
7305909,"Back on Track® Human T-Shirt, Maria",43.00,Large,Available
7305909,"Back on Track® Human T-Shirt, Maria",43.00,X Large,Available
None,Back on Track® Human Travel Pillow,£32.00,None,Available
6599531,"Back on Track® Human Women’s Jacket, Grace",125.00,,Available
6599531,"Back on Track® Human Women’s Jacket, Grace",125.00,Small,Available
6599531,"Back on Track® Human Women’s Jacket, Grace",125.00,Medium,Available
6599531,"Back on Track® Human Women’s Jacket, Grace",125.00,Large,Available
6599531,"Back on Track® Human Women’s Jacket, Grace",125.00,X Large,Available
6599483,"Back on Track® Human Women’s Jacket, Monroe",120.00,,Available
6599483,"Back on Track® Human Women’s Jacket, Monroe",120.00,X Small,Available
6599483,"Back on Track® Human Women’s Jacket, Monroe",120.00,Small,Available
6599483,"Back on Track® Human Women’s Jacket, Monroe",120.00,Medium,Available
6599483,"Back on Track® Human Women’s Jacket, Monroe",120.00,Large,Available
6599483,"Back on Track® Human Women’s Jacket, Monroe",120.00,X Large,Available
7305945,"Back on Track® Human Women’s P4G Sweater, Athena",86.00,,Available
7305945,"Back on Track® Human Women’s P4G Sweater, Athena",86.00,X Small,Available
7305945,"Back on Track® Human Women’s P4G Sweater, Athena",86.00,Small,Available
7305945,"Back on Track® Human Women’s P4G Sweater, Athena",86.00,Medium,Available
7305945,"Back on Track® Human Women’s P4G Sweater, Athena",86.00,Large,Available
7305945,"Back on Track® Human Women’s P4G Sweater, Athena",86.00,X Large,Available
6599550,"Back on Track® Human Women’s Vest, Luna",107.00,,Available
6599550,"Back on Track® Human Women’s Vest, Luna",107.00,X Small,Available
6599550,"Back on Track® Human Women’s Vest, Luna",107.00,Small,Available
6599550,"Back on Track® Human Women’s Vest, Luna",107.00,Medium,Available
6599550,"Back on Track® Human Women’s Vest, Luna",107.00,Large,Available
6599550,"Back on Track® Human Women’s Vest, Luna",107.00,X Large,Available
6599550,"Back on Track® Human Women’s Vest, Luna",107.00,XX Large,Available
None,Cool on Track® Cooling Mat,£38.00,None,Available
None,FirstCanine Dual Knee Brace,£79.99,None,Available
6089085,FirstCanine Orthopaedic Elbow Brace,49.99,,Available
6089085,FirstCanine Orthopaedic Elbow Brace,49.99,X Small,Available
6089085,FirstCanine Orthopaedic Elbow Brace,49.99,Small,Available
6089085,FirstCanine Orthopaedic Elbow Brace,49.99,Medium,Out Of Stock!
6089085,FirstCanine Orthopaedic Elbow Brace,49.99,Large,Available
None,Rug Proof 2 x 500ml,£12.90,None,Available
None,Rug Proof Spray 1 x 750ml,£10.75,None,Available
None,Rug Wash 2 x 500ml,£10.20,None,Available
None,Stable Cleaner - 1 x 1L,£4.25,None,Available
None,Julius K9 IDC® Powerharness,£19.99,None,Available
None,ManeLine Equine Quick Clip Girth/Chest Strap,£19.50,None,Available
None,Mnetic-Band 360° Therapeutic Magnetised Bands,£20.00,None,Available
None,Mnetic-Band 360° Therapeutic Magnetised Bands,£20.00,None,Available
None,Mnetic-Band 360° Therapeutic Magnetised Bands,£20.00,None,Available
5363999,Ortocanis Canine Elbow Brace,34.99,,Available
5363999,Ortocanis Canine Elbow Brace,34.99,X Small,Available
5363999,Ortocanis Canine Elbow Brace,34.99,Small,Available
5363999,Ortocanis Canine Elbow Brace,34.99,Medium,Available
5363999,Ortocanis Canine Elbow Brace,34.99,Large,Available
5364002,Ortocanis Canine Elbow Pad/Orthosis,86.99,,Available
5364002,Ortocanis Canine Elbow Pad/Orthosis,86.99,X Small,Available
5364002,Ortocanis Canine Elbow Pad/Orthosis,86.99,Small,Available
5364002,Ortocanis Canine Elbow Pad/Orthosis,86.99,Medium,Available
5364002,Ortocanis Canine Elbow Pad/Orthosis,86.99,Large,Available
5364002,Ortocanis Canine Elbow Pad/Orthosis,86.99,X Large,Available
5363984,Ortocanis Canine Fix Belt,16.95,,Available
5363984,Ortocanis Canine Fix Belt,16.95,Small,Available
5363984,Ortocanis Canine Fix Belt,16.95,Large,Available
5363990,Ortocanis Canine Harness,19.95,,Available
5363990,Ortocanis Canine Harness,19.95,Small,Available
5363990,Ortocanis Canine Harness,19.95,Medium,Available
5363990,Ortocanis Canine Harness,19.95,Large,Available
5364011,Ortocanis Canine Hip & Back Brace,93.33,,Available
5364011,Ortocanis Canine Hip & Back Brace,93.33,Small,Available
5364011,Ortocanis Canine Hip & Back Brace,93.33,Medium,Available
5364011,Ortocanis Canine Hip & Back Brace,93.33,Large,Available
5363972,Ortocanis Canine Knee Brace,39.99,,Available
5363972,Ortocanis Canine Knee Brace,39.99,Mini,Available
5363972,Ortocanis Canine Knee Brace,39.99,XXX Small,Available
5363972,Ortocanis Canine Knee Brace,39.99,XX Small,Available
5363972,Ortocanis Canine Knee Brace,39.99,X Small,Available
5363972,Ortocanis Canine Knee Brace,39.99,Small,Available
5363972,Ortocanis Canine Knee Brace,39.99,Medium,Available
5363972,Ortocanis Canine Knee Brace,39.99,Large,Available
5363972,Ortocanis Canine Knee Brace,39.99,X Large,Available
5363972,Ortocanis Canine Knee Brace,39.99,XX Large,Available
None,Ortocanis Canine Rear Support Harness,£30.00,None,Available
5363993,Ortocanis Fix Belt & Harness Combination,30.95,,Available
5363993,Ortocanis Fix Belt & Harness Combination,30.95,Small,Available
5363993,Ortocanis Fix Belt & Harness Combination,30.95,Medium,Available
5363993,Ortocanis Fix Belt & Harness Combination,30.95,Large,Available
None,Photizo Leucillin Antiseptic Skincare,£4.79,None,Available
None,Photizo Light Therapy,£299.00,None,Available
None,Photizo Vetcare Pouch,£19.00,None,Available
None,Replacement Charger for Photizo Home Care,£15.00,None,Available
None,Replacement Lens Cover for Photizo Light Therapy Devices,£4.00,None,Available
7676279,Saltean Horse Mineral Licks,8.99,,Available
7676279,Saltean Horse Mineral Licks,8.99,1kg,Available
7676279,Saltean Horse Mineral Licks,9.99,3kg,Available
None,Borstiq Banana Arenga Brush,£11.40,None,Available
None,Borstiq Banana Dandy Grooming Brush,£11.40,None,Available
None,Borstiq Banana Medium Brush,£11.40,None,Available
None,Borstiq Banana Mex Fibre Brush,£13.16,None,Available
None,Borstiq Shaped Arenga Brush,£11.40,None,Available
None,Borstiq Shaped Finishing Brush,£14.04,None,Available
None,Borstiq Shaped Medium Brush,£11.40,None,Available
None,Borstiq Shaped Mex Fibre Flick Brush,£13.16,None,Available
None,Borstiq Shaped Mex Soft Flick Brush,£13.16,None,Available
None,Borstiq Shaped Soft Flick Brush,£12.72,None,Available
None,Equine Borstiq Banana Finishing Brush,£14.04,None,Available
None,Smartgrooming Equine Super Groomer,£7.99,None,Available
None,Gift Vouchers,£10.00,None,Available
